{"name": "d3(ClO)2", "chemical json": 0, "atoms": {"coords": {"3d": [0.0, 0.0, 0.0, 3.12964, 5.92438, 1.40671, 1.85627, 2.54018, 1.60468, -1.46547, 3.3842, 3.01139, 1.66416, 4.22823, 4.4181, 0.3908, 0.84403, 4.61607, 5.0327, 2.46545, 0.40472, -0.04679, 5.84966, 2.60667, 3.56722, 0.91875, 3.41611, -1.51225, 4.30296, 5.61805, 1.96206, 0.76814, 0.37514, 3.02386, 4.15235, 2.63625, 0.49658, 2.61606, 3.38653, 1.55839, 6.00026, 5.64764]}, "elements": {"number": [48, 48, 48, 48, 48, 48, 17, 17, 17, 17, 8, 8, 8, 8]}, "selected": [false, false, false, false, false, false, false, false, false, false, false, false, false, false]}}
